{
    "All rights reserved.": "All rights reserved.",
    "Forbidden": "Forbidden",
    "Go to page :page": "Go to page :page",
    "Hello!": "Hello!",
    "If you did not create an account, no further action is required.": "If you did not create an account, no further action is required.",
    "If you did not request a password reset, no further action is required.": "If you did not request a password reset, no further action is required.",
    "Login": "Login",
    "Logout": "Logout",
    "Not Found": "Not Found",
    "of": "of",
    "Page Expired": "Page Expired",
    "Pagination Navigation": "Pagination Navigation",
    "Please click the button below to verify your email address.": "Please click the button below to verify your email address.",
    "Regards": "Regards",
    "Register": "Register",
    "Reset Password": "Reset Password",
    "Reset Password Notification": "Reset Password Notification",
    "results": "results",
    "Server Error": "Server Error",
    "Service Unavailable": "Service Unavailable",
    "Showing": "Showing",
    "This password reset link will expire in :count minutes.": "This password reset link will expire in :count minutes.",
    "to": "to",
    "Toggle navigation": "Toggle navigation",
    "Too Many Requests": "Too Many Requests",
    "Unauthorized": "Unauthorized",
    "Verify Email Address": "Verify Email Address",
    "Whoops!": "Whoops!",
    "You are receiving this email because we received a password reset request for your account.": "You are receiving this email because we received a password reset request for your account."
}
