{
    "A new verification link has been sent to the email address you provided in your profile settings.": "A new verification link has been sent to the email address you provided in your profile settings.",
    "A new verification link has been sent to your email address.": "A new verification link has been sent to your email address.",
    "Accept Invitation": "Accept Invitation",
    "Add": "Add",
    "Add a new team member to your team, allowing them to collaborate with you.": "Add a new team member to your team, allowing them to collaborate with you.",
    "Add additional security to your account using two factor authentication.": "Add additional security to your account using two factor authentication.",
    "Add Team Member": "Add Team Member",
    "Added.": "Added.",
    "All of the people that are part of this team.": "All of the people that are part of this team.",
    "Already registered?": "Already registered?",
    "API Token": "API Token",
    "API Token Permissions": "API Token Permissions",
    "API Tokens": "API Tokens",
    "API tokens allow third-party services to authenticate with our application on your behalf.": "API tokens allow third-party services to authenticate with our application on your behalf.",
    "Are you sure you want to delete this team? Once a team is deleted, all of its resources and data will be permanently deleted.": "Are you sure you want to delete this team? Once a team is deleted, all of its resources and data will be permanently deleted.",
    "Are you sure you want to delete your account? Once your account is deleted, all of its resources and data will be permanently deleted. Please enter your password to confirm you would like to permanently delete your account.": "Are you sure you want to delete your account? Once your account is deleted, all of its resources and data will be permanently deleted. Please enter your password to confirm you would like to permanently delete your account.",
    "Are you sure you would like to delete this API token?": "Are you sure you would like to delete this API token?",
    "Are you sure you would like to leave this team?": "Are you sure you would like to leave this team?",
    "Are you sure you would like to remove this person from the team?": "Are you sure you would like to remove this person from the team?",
    "Before continuing, could you verify your email address by clicking on the link we just emailed to you? If you didn't receive the email, we will gladly send you another.": "Before continuing, could you verify your email address by clicking on the link we just emailed to you? If you didn't receive the email, we will gladly send you another.",
    "Browser Sessions": "Browser Sessions",
    "Cancel": "Cancel",
    "Click here to re-send the verification email.": "Click here to re-send the verification email.",
    "Close": "Close",
    "Code": "Code",
    "Confirm": "Confirm",
    "Confirm Password": "Confirm Password",
    "Create": "Create",
    "Create a new team to collaborate with others on projects.": "Create a new team to collaborate with others on projects.",
    "Create Account": "Create Account",
    "Create API Token": "Create API Token",
    "Create New Team": "Create New Team",
    "Create Team": "Create Team",
    "Created.": "Created.",
    "Current Password": "Current Password",
    "Dashboard": "Dashboard",
    "Delete": "Delete",
    "Delete Account": "Delete Account",
    "Delete API Token": "Delete API Token",
    "Delete Team": "Delete Team",
    "Disable": "Disable",
    "Done.": "Done.",
    "Edit Profile": "Edit Profile",
    "Email": "Email",
    "Email Password Reset Link": "Email Password Reset Link",
    "Enable": "Enable",
    "Ensure your account is using a long, random password to stay secure.": "Ensure your account is using a long, random password to stay secure.",
    "Finish enabling two factor authentication.": "Finish enabling two factor authentication.",
    "For your security, please confirm your password to continue.": "For your security, please confirm your password to continue.",
    "Forgot your password?": "Forgot your password?",
    "Forgot your password? No problem. Just let us know your email address and we will email you a password reset link that will allow you to choose a new one.": "Forgot your password? No problem. Just let us know your email address and we will email you a password reset link that will allow you to choose a new one.",
    "Great! You have accepted the invitation to join the :team team.": "Great! You have accepted the invitation to join the :team team.",
    "I agree to the :terms_of_service and :privacy_policy": "I agree to the :terms_of_service and :privacy_policy",
    "If necessary, you may log out of all of your other browser sessions across all of your devices. Some of your recent sessions are listed below; however, this list may not be exhaustive. If you feel your account has been compromised, you should also update your password.": "If necessary, you may log out of all of your other browser sessions across all of your devices. Some of your recent sessions are listed below; however, this list may not be exhaustive. If you feel your account has been compromised, you should also update your password.",
    "If you already have an account, you may accept this invitation by clicking the button below:": "If you already have an account, you may accept this invitation by clicking the button below:",
    "If you did not expect to receive an invitation to this team, you may discard this email.": "If you did not expect to receive an invitation to this team, you may discard this email.",
    "If you do not have an account, you may create one by clicking the button below. After creating an account, you may click the invitation acceptance button in this email to accept the team invitation:": "If you do not have an account, you may create one by clicking the button below. After creating an account, you may click the invitation acceptance button in this email to accept the team invitation:",
    "Last active": "Last active",
    "Last used": "Last used",
    "Leave": "Leave",
    "Leave Team": "Leave Team",
    "Log in": "Log in",
    "Log Out": "Log Out",
    "Log Out Other Browser Sessions": "Log Out Other Browser Sessions",
    "Manage Account": "Manage Account",
    "Manage and log out your active sessions on other browsers and devices.": "Manage and log out your active sessions on other browsers and devices.",
    "Manage API Tokens": "Manage API Tokens",
    "Manage Role": "Manage Role",
    "Manage Team": "Manage Team",
    "Name": "Name",
    "New Password": "New Password",
    "Once a team is deleted, all of its resources and data will be permanently deleted. Before deleting this team, please download any data or information regarding this team that you wish to retain.": "Once a team is deleted, all of its resources and data will be permanently deleted. Before deleting this team, please download any data or information regarding this team that you wish to retain.",
    "Once your account is deleted, all of its resources and data will be permanently deleted. Before deleting your account, please download any data or information that you wish to retain.": "Once your account is deleted, all of its resources and data will be permanently deleted. Before deleting your account, please download any data or information that you wish to retain.",
    "Password": "Password",
    "Pending Team Invitations": "Pending Team Invitations",
    "Permanently delete this team.": "Permanently delete this team.",
    "Permanently delete your account.": "Permanently delete your account.",
    "Permissions": "Permissions",
    "Photo": "Photo",
    "Please confirm access to your account by entering one of your emergency recovery codes.": "Please confirm access to your account by entering one of your emergency recovery codes.",
    "Please confirm access to your account by entering the authentication code provided by your authenticator application.": "Please confirm access to your account by entering the authentication code provided by your authenticator application.",
    "Please copy your new API token. For your security, it won't be shown again.": "Please copy your new API token. For your security, it won't be shown again.",
    "Please enter your password to confirm you would like to log out of your other browser sessions across all of your devices.": "Please enter your password to confirm you would like to log out of your other browser sessions across all of your devices.",
    "Please provide the email address of the person you would like to add to this team.": "Please provide the email address of the person you would like to add to this team.",
    "Privacy Policy": "Privacy Policy",
    "Profile": "Profile",
    "Profile Information": "Profile Information",
    "Recovery Code": "Recovery Code",
    "Regenerate Recovery Codes": "Regenerate Recovery Codes",
    "Register": "Register",
    "Remember me": "Remember me",
    "Remove": "Remove",
    "Remove Photo": "Remove Photo",
    "Remove Team Member": "Remove Team Member",
    "Resend Verification Email": "Resend Verification Email",
    "Reset Password": "Reset Password",
    "Role": "Role",
    "Save": "Save",
    "Saved.": "Saved.",
    "Select A New Photo": "Select A New Photo",
    "Setup Key": "Setup Key",
    "Show Recovery Codes": "Show Recovery Codes",
    "Store these recovery codes in a secure password manager. They can be used to recover access to your account if your two factor authentication device is lost.": "Store these recovery codes in a secure password manager. They can be used to recover access to your account if your two factor authentication device is lost.",
    "Switch Teams": "Switch Teams",
    "Team Details": "Team Details",
    "Team Invitation": "Team Invitation",
    "Team Members": "Team Members",
    "Team Name": "Team Name",
    "Team Owner": "Team Owner",
    "Team Settings": "Team Settings",
    "Terms of Service": "Terms of Service",
    "The :attribute must be a valid role.": "The :attribute must be a valid role.",
    "The password is incorrect.": "The password is incorrect.",
    "The team's name and owner information.": "The team's name and owner information.",
    "These people have been invited to your team and have been sent an invitation email. They may join the team by accepting the email invitation.": "These people have been invited to your team and have been sent an invitation email. They may join the team by accepting the email invitation.",
    "This device": "This device",
    "This is a secure area of the application. Please confirm your password before continuing.": "This is a secure area of the application. Please confirm your password before continuing.",
    "This password does not match our records.": "This password does not match our records.",
    "This user already belongs to the team.": "This user already belongs to the team.",
    "This user has already been invited to the team.": "This user has already been invited to the team.",
    "To finish enabling two factor authentication, scan the following QR code using your phone's authenticator application or enter the setup key and provide the generated OTP code.": "To finish enabling two factor authentication, scan the following QR code using your phone's authenticator application or enter the setup key and provide the generated OTP code.",
    "Token Name": "Token Name",
    "Two Factor Authentication": "Two Factor Authentication",
    "Two factor authentication is now enabled. Scan the following QR code using your phone's authenticator application or enter the setup key.": "Two factor authentication is now enabled. Scan the following QR code using your phone's authenticator application or enter the setup key.",
    "Update Password": "Update Password",
    "Update your account's profile information and email address.": "Update your account's profile information and email address.",
    "Use a recovery code": "Use a recovery code",
    "Use an authentication code": "Use an authentication code",
    "We were unable to find a registered user with this email address.": "We were unable to find a registered user with this email address.",
    "When two factor authentication is enabled, you will be prompted for a secure, random token during authentication. You may retrieve this token from your phone's Google Authenticator application.": "When two factor authentication is enabled, you will be prompted for a secure, random token during authentication. You may retrieve this token from your phone's Google Authenticator application.",
    "Whoops! Something went wrong.": "Whoops! Something went wrong.",
    "You have been invited to join the :team team!": "You have been invited to join the :team team!",
    "You have enabled two factor authentication.": "You have enabled two factor authentication.",
    "You have not enabled two factor authentication.": "You have not enabled two factor authentication.",
    "You may accept this invitation by clicking the button below:": "You may accept this invitation by clicking the button below:",
    "You may delete any of your existing tokens if they are no longer needed.": "You may delete any of your existing tokens if they are no longer needed.",
    "You may not delete your personal team.": "You may not delete your personal team.",
    "You may not leave a team that you created.": "You may not leave a team that you created.",
    "Your email address is unverified.": "Your email address is unverified."
}
