{
    "A new verification link has been sent to the email address you provided during registration.": "A new verification link has been sent to the email address you provided during registration.",
    "Already registered?": "Already registered?",
    "Confirm": "Confirm",
    "Confirm Password": "Confirm Password",
    "Dashboard": "Dashboard",
    "Email": "Email",
    "Email Password Reset Link": "Email Password Reset Link",
    "Forgot your password?": "Forgot your password?",
    "Forgot your password? No problem. Just let us know your email address and we will email you a password reset link that will allow you to choose a new one.": "Forgot your password? No problem. Just let us know your email address and we will email you a password reset link that will allow you to choose a new one.",
    "Log in": "Log in",
    "Log Out": "Log Out",
    "Name": "Name",
    "Password": "Password",
    "Register": "Register",
    "Remember me": "Remember me",
    "Resend Verification Email": "Resend Verification Email",
    "Reset Password": "Reset Password",
    "Thanks for signing up! Before getting started, could you verify your email address by clicking on the link we just emailed to you? If you didn't receive the email, we will gladly send you another.": "Thanks for signing up! Before getting started, could you verify your email address by clicking on the link we just emailed to you? If you didn't receive the email, we will gladly send you another.",
    "This is a secure area of the application. Please confirm your password before continuing.": "This is a secure area of the application. Please confirm your password before continuing."
}
